Student ID,Peer Review 1 Title,Peer Review 1 Filename,Peer Review 2 Title,Peer Review 2 Filename
6336247,A SARSA-Based Agent to Play “Guilty Gear: Strive”,096.mp4,Autonomous Driving in a Roundabout with Rule-Breaking Agents,057.pdf
6098016,Optimizing Store Inventory Management with Q-learning,061.mp4,Optimal Operation of Renewable Energy Plus Storage Systems Using Reinforcement Learning,043.pdf
6604628,Evaluating Flood Risk for Evacuations: Decision Making with Bayesian Networks,025.mp4,Modeling Autonomous Traffic Flow using MDPs,107.mp4
6174251,A Markov-Based Approach to Evaluate the Optimal Position of Zeposia in the Treatment of Ulcerative Colitis,091.pdf,Geometry Dash AI,109.mp4
6250928,Mortal (Q)ombat: Training an AI agent with Reinforcement Learning to Play a Brawler Game,006.pdf,"Is There an ""I"" in Team? An Exploration of Capture the Flag Reinforcement Learning Agents",182.pdf
6369208,Local Search Approaches to Trading Strategy Optimization in Animal Crossing: New Horizons,157.pdf,Fantasy Ice Hockey Lineup Decisions with Q-Learning and SARSA,001.pdf
6503067,Solving Tic-Tac-Toe,032.mp4,Monte Carlo Tree Search Applied to Spaceship Maze,147.pdf
6399179,Multiagent Coordination of Space Debris Cleanup under Uncertainty,188.pdf,Deep Q-learning Network on Atari Game,075.pdf
6495746,Robust Nonlinear Reduced-Order Model Predictive Control,205.pdf,Safe Lane Merging for Autonomous Cars on the Highway through Markov Decision Process,130.pdf
6658613,Tropical Reforestation,009.mp4,CheatGPT: Evaluating Robustness of Language Model Detectors to Adversarial Prompting,217.pdf
6251043,Fantasy Football Team Draft Sequential Decision Process,060.pdf,Rocket Self-Landing using Proximal Policy Optimization,118.mp4
6496104,Estimating Physical Parameters of Dynamical Systems Using Sequential Importance Sampling,214.pdf,ClutchRL: Using Q-Learning To Find The Optimal Policy To Win A Close Basketball Game,013.mp4
6422840,battery-charger: Reinforcement learning techniques for wholesale market participation of grid-scale batteries,167.pdf,A Julia Package for Calculating the Gittins Index,158.pdf
6506988,Evaluating the Disposition Effect using Reinforcement Learning,141.pdf,Modeling Central Bank Interest Rate Policy Decisions,014.pdf
6433857,Particle Filter For Autonomous Vehicle Handover,021.pdf,Prepare to AI: Model-Free Reinforcement Learning for Dark Souls 1,134.pdf
6504130,Using Deep Q-Learning to Improve Automated Train Systems,209.pdf,Blackjack with Card Counting,041.pdf
6418374,How to not lose your starship: Strategy Optimization for Corellian Spike,108.pdf,RL-ATC: Multi-Agent Reinforcement Learning for On-the-Ground Air Traffic Control and Planning,223.pdf
6497509,Learning to Play Backgammon Using Reinforcement Learning,073.pdf,LQR Robust Servomechanism and Kalman-Bucy Filter For Quadrotor Control & State Estimation,128.pdf
6665231,Safe Drilling for Subsurface Resources in the Presence of Caves Using POMDPs,161.pdf,8-bit Uber: Exploring the effects of uncertainty in the Taxi environment,131.pdf
9611621,Rapid Calibration of a Cellular-Resolution Bidirectional Neural Interface,189.pdf,Hyperparameter-tuning Q-learning for flood-mitigation investment decision support system,175.pdf
6510556,Reinforcement Learning Strategies for Love Letter,229.pdf,Applying Q-Learning to Uno,117.pdf
6506984,Q-QWOP: Using Q-Learning for QWOP Policy Development,024.pdf,Beating the Terminal Game,053.pdf
6282319,Building an Agent for Settlers of Catan,154.pdf,Optimal sequential decision making for managing ecosystem with POMDP,206.pdf
6333666,Applying Reinforcement Learning to Pac-Man,155.pdf,Modeling Teamfight Tactics as a POMDP,071.pdf
6497322,Optimal Drone Navigation with Stochastic Dynamics,052.pdf,Solving the Taxi-v3 Problem Using Model-Free Reinforcement Learning,176.pdf
6665368,Minesweeper: A Reinforcement Learning Approach,084.pdf,Search and ResQ,042.mp4
6494234,Decision Making in Quadcopter Navigation with The Effects of Wind,015.pdf,Optimizing Christmas Gift Purchasing Decisions with Reinforcement Learning,031.mp4
6421435,Breaking the Code: An RL Solution to Mastermind,023.pdf,Deep Reinforcement Learning for In-Flight Calibration of a Lunar Lander,127.pdf
5901379,Localization and path finding of a known environment,020.pdf,FishBot: Decision Making in Canadian Fish,076.pdf
6650537,Tic-Tac-Toe: An Unbeatable Foe,105.pdf,Efficient Diagnostic Questioning: Minimizing the Number of Questions for Accurate Medical Diagnoses,210.pdf
6455296,Random Adaption to Trawler Problem for Ocean Search and Rescue,160.mp4,Online Planning Strategies for Hangman,162.pdf
6382945,Value Iteration applied to Orbital Debris Removal with a Satellite,005.pdf,Helping and Hindering: Recursive Reasoning in a Multi-Agent MDP,197.pdf
6376676,Landing a Plane on Final Approach with Q-Learning,044.mp4,Buying a House without Going Broke,081.mp4
6663705,Playing Mancala via Reinforcement Learning,059.pdf,Planar Manipulation of an Object with Unknown and Changing Center of Mass,110.pdf
6195008,Solving Wordle Using Monte Carlo Tree Search,132.pdf,Estimating an Optimal Solution to Backgammon,033.pdf
6211853,Reinforcement Learning Approaches for Sepsis Treatment,019.mp4,Belief Updating for Improved Navigation in Wind,047.pdf
6506688,Trajectory Optimization for Autonomous Parking Lot Cleaning using Q-Learning,029.pdf,Applying State Estimation Techniques to Improve Stability of a Ball-Balancing Robot,221.pdf
6454267,Q-learning networks for settlers of Catan,228.pdf,Determining an optimal screening policy for colorectal cancer,119.mp4
6456092,Optimal Policy for Ground-to-Satellite Communication using Reinforcement Learning,087.pdf,Utility in Financial Markets,103.pdf
6252858,Exploring Crop Irrigation Decisions Under Climate Uncertainty,146.pdf,Settlers of Catan Settlement Placement Optimization with Deep Q-Learning,090.pdf
6661821,Hanabi Heuristics and Hypotheses: Delving into Decision-Making Dynamics with Deep Q-Learning and Monte-Carlo Tree Search,186.pdf,Autonomous vehicle lane-keeping with model uncertainty: A reinforcement learning approach,135.mp4
6099076,POMDPoker,164.mp4,Cleaning the streets with RL,149.mp4
6433802,Maximum Entropy Reinforcement Learning for Prompt Tuning,039.pdf,Modeling Strategies for the Conservation of Florida Manatees using POMDP Methods,153.pdf
6257767,Electric Vehicle Route Planning with Uncertainty in Charger Wait Times,222.pdf,Measuring potential effects of an intelligent tutoring system,055.pdf
6203078,Using Q-learning for autonomous driving decision-making when brakes fail,231.mp4,Optimizing Cloud Computing Resource Allocation,123.pdf
6504285,Q-Learning for Crypto Trading: A Time series Driven Approach,026.mp4,Taxi Route Recommendations Using Reinforcement Learning,048.pdf
6335758,Reinforcement Learning w/Stocks,191.mp4,An Attemped Agent for Playing Catan,111.pdf
6260869,Race Track Driving Using Deep Reinforcement Learning,064.mov,Wordle Got Schooled: Q-Learning Takes on the Puzzle,104.mp4
6506040,Deep Reinforcement Learning In Pairs Trading,022.mov,Optimal Online Ad Allocation Under Uncertainty,063.pdf
6606160,Deep Double Q Network for Lunar Lander,062.mp4,RoboCook: Long-Horizon Elasto-plastic Object Manipulation with Diverse Tools,011.pdf
6351410,How do we walk? Controlling joint motor torque to achieve balanced movement,106.pdf,Deep Reinforcement Learning for Stock Trading,078.pdf
6664391,Effect of Additional Information on Learning to Bid in First Price Auctions,224.pdf,Greedy Search for Optimal Soil Sample Analysis,152.mp4
6541108,Cubo: Your Friendly Neighborhood Rolling Cube,126.pdf,Value Iteration and Contraceptive Method Choice: Applying Algorithmic Decision Making to Women’s Health Practices,089.pdf
6314550,Get out of the way! Vehicle-Object Collision Avoidance,165.mp4,Ping Pong Prodigy,113.pdf
6260489,Modeling the Board Game Secret Hitler as a Decision Making Problem,177.pdf,Techno-Economic Optimization of Flexible Geothermal Power and Battery Storage Using Reinforcement Learning Algorithms,138.pdf
6676235,Learning and Improving the Intelligent Driver Model with Reinforcement Learning,129.mp4,A Novel Reward Shaping Function for Single-Player Mahjong,140.pdf
6420511,Reinforcement Learning for Chess Variants,065.mp4,Modeling Deceit in Coup,079.pdf
6649977,Reinforcement Learning Based Magnetic Detumbling of Low Earth Orbit Satellites,183.pdf,Reinforcement Learning for Autonomous Navigation of Subterranean Environments,054.pdf
6543594,Automated Theorem Proving with Graph Neural Network,219.pdf,Automating Neural Network Model Architecture Discovery with Policy Search Methods,115.pdf
6409929,Deep Q-Learning for Minesweeper,095.mp4,UAV Search and Rescue Optimization,151.pdf
6281144,Flipping the Bit: Explorations in Learning the Ising Model,007.mp4,Implementing Q-learning to Obtain Control Policy for Residential Battery System,125.pdf
6345059,Reinforcement Learning for Robot Waiters in Restaurants,094.pdf,Bayesian Graphical and Deep Q-Learning Agents in Colonel Blotto Game,194.pdf
6422405,Guided Decision Making Under Uncertainty,218.pdf,Queue RL,012.pdf
9625013,Safe Navigation: Training Autonomous Vehicles using Deep Reinforcement Learning in CARLA,124.pdf,Racing Optimization using Deep Reinforcement Learning,170.pdf
6368210,On Unstable Ground: Navigating Avalanche Terrain,211.pdf,Satellite Collision Avoidance Through Neural Networks,212.pdf
6493885,Tham Luang Cave Rescue: A Reinforcement Learning Approach,225.pdf,Understanding Push-Fold Pre-Flop Strategy for Heads-Up NLH Poker,156.mp4
6646318,Taxi Route Optimization using Reinforcement Learning,082.pdf,Automated Trading System using Reinforcement Learning,179.pdf
6427343,Beating Cube Field,178.pdf,Optimizing Green Infrastructure Citing for Urban Flood Mitigation,098.pdf
50014879,Improving Matches in Dynamic Organ Exchanges,145.pdf,Twenty-Twenty Learning: A 2048 solver powered by Deep Q-Networks,003.mp4
6385998,Self-Driving School Bus for Stanford Campus,074.pdf,Optimal Texas Hold 'em Poker Pre-flop Play through Reinforcement Learning,049.mp4
6141334,"Blackjack: Are the ""Basic Strategies"" Sufficient?",045.pdf,Health-aware Battery Usage Strategy for Data-driven Battery Management Systems (BMS),172.mp4
6605667,Learning to Swim in Turbulent Environments,086.mp4,Decision-Making Algorithms for Winning Coinche,202.pdf
6485846,Optimal Load Scheduling for Smart Homes,028.pdf,MCTS Parameter Exploration For Simplified Catan,203.mov
6409931,SARSA Applications to UNO!,198.pdf,Traffic Light Optimization Under Uncertainty,036.pdf
6205892,Comparing Performance between Q-Learning and Fictitious Self-Play Trained on Neural Networks for Uno,100.mp4,Solving Wordle using Reinforcement Learning,121.pdf
6376891,Decision-Making in Pineapple Poker,093.pdf,Reinforcement Learning for Gin Rummy,077.pdf
6509984,Monte Carlo Tree Search for Exploitative Texas Hold'em Poker Agent,216.pdf,Making a (Good) Pokemon 1v1 Battle Agent,072.mp4
6664054,Energy Markets as an MDP,163.pdf,"Solving Wordle using Information Theory, Minimax Algorithms, and Q-Learning",116.pdf
6502316,Theseus and the Cyclops: Adventures in Navigation Using Monocular Depth Estimation,038.pdf,Optimal Strategy Generation for Pandemic Game Using Monte Carlo Tree Search,008.pdf
6661332,Hit or Stand: Strategizing Blackjack Using Reinforcement Learning,133.pdf,Drag-based Reconfiguration of Spacecraft Formations Under Uncertainty,004.mp4
6423320,Q-Learning for a Traveling Salesman Problem Variant in Modified Landmark Traversal,187.pdf,Towards Teaching a Human to Walk,083.mp4
6252747,Bidding Strategy for Residential Solar and Storage in Transactive Electricity Market using Reinforcement Learning,171.pdf,Driving with Large Language Models,046.mp4
6337670,Playing Any Game: Using MCTS for General Game Playing,144.pdf,Precise Point Positioning: Use of Extended-Kalman Filter in Global Positioning System,018.mp4
6293301,Cleaning Up with Q-Learning: Optimizing Roomba Navigation in Unknown Environments,139.mp4,Multi-Rover Exploration using Dec-POMDPs,092.pdf
6496669,Bulletproof AI: Reinforcement Learning for Collision Avoidance in Bullet Hell Games,097.pdf,"Think Big, Start Small: Scrabble Reinforcement Learning with K-Means State Space Compression",169.pdf
6422078,Can we do Bayesian structure learning using gradient descent?,080.mov,X's and O's: Optimization of Tic-Tac-Toe,056.pdf
5612914,Optimal Policy for Uber/Lyft drivers in the Bay Area,002.pdf,Developing An Automated 2D Simulation For Parking a Car,166.mp4
6139919,A Chess Engine on Ice: Developing an Automated Curling Skip Capable of Decision Making under Uncertainty,067.pdf,Payment Optimization for Combination Shoppers and Delivery Drivers using Deep Q Learning with Experience Replay,185.pdf
6371434,Battery Temperature Control for Deep Space Missions,181.pdf,Using Reinforcement Learning for Life and Death problem in Go,050.mp4
9653314,Code-Lint: Code Generation with Reinforcement Learning incorporating Linter Feedback,120.pdf,Reinforcement Learning for Robotic Arm Reach Problem,085.pdf
6110429,Development and Evaluation of a Reinforcement Learning Model to Optimize Discharge Decisions in Hospital Emergency Departments,200.pdf,Playing blackjack using reinforcement learning,058.pdf
9620093,Reinforcement Learning for Optimal Policy in Texas Hold'em Game,173.pdf,Transmission Expansion for Offshore Wind Farms Under Uncertainty,101.pdf
6321026,Optimal Elevator Algorithm,099.pdf,Preventing the Spread of Wind-Driven Wildfires with Partially Observable Markov Decision Processes,070.pdf
6351146,Feel-Good Othello-Bot: Othello-Player Agent to Bring Satisfying Win for Human Player,088.pdf,Solving Half Cheetah Problem Using Offline RL,114.mp4
6662819,RL Agent for Fish,195.mp4,Scrabble Engine Based on MuZero,220.mp4
6177766,Travelling with (Un)certainty,051.pdf,Designing a Reliable Crew Member,193.pdf
6424659,Drone Delivery,192.mp4,AITA Judge Twitch Streamer,035.mp4
6342241,Optimal Pricing as a Markov Decision Process,168.mp4,Online Planning with Terrain Friction Estimation for Safe Rover Navigation,068.pdf
6433433,Navigation of free-flying spacecraft without attitude measurements,207.mov,I ♥ RL: Using Q-Learning to Play Hearts,034.pdf
50007087,Smart Water Heater via Sparse Sampling,190.pdf,Optimal Dining Hall Choice,213.pdf
6312148,Goal Misgeneralization in a Simple Reinforcement Learning Problem,227.pdf,Dynamic Efficient Sampling Policy Learning - An Investigation of DRL-based Atari Game Playing,137.pdf
6351102,Playing Risk with Reinforcement Learning,142.mp4,Fuel Efficient Autonomous Driving,037.pdf
6367487,Multi-task Learning for Robotic Manipulation,122.pdf,Simple Reinforcement Learning for Space Mining Bots,069.pdf
6501642,Optimizing Climate-Resilient Infrastructure Investment,180.mp4,Multi-Agent Control in Partially Observable Environment,184.mp4
6664143,Comparison of Online Planning and Reinforcement Learning for Oil Spill Containment,030.mp4,FlyGenie: Minimize your flight ticket purchase costs,196.pdf
6260932,Building a Poker Agent,232.mp4,Hit or Stand? Optimizing Blackjack Strategy,010.mp4
5446396,Wordlebot: Improving Wordle Performance Using Forward Search,027.pdf,Modeling the Use of Alternative Modalities to Complete Data Visualization Tasks,016.mp4
5859509,Using Q-Learning to Optimize Fantasy Premier League,143.pdf,"Applying Reinforcement Learning and Online Planning to the Game ”Regenwormen""",040.pdf
6205288,Baseball Pitch Analytics,204.pdf,Adaptive Water Supply Desalination Planning under Hydrological Uncertainty,148.pdf
6531839,CALIBRATING BLACK-BOX TRANSITION MODELS FOR MDP PLANNING USING CONFORMAL PREDICTION,201.pdf,Card-Counting Blackjack Agent,102.mp4
6334971,rePlayToGrade: Auto-Grading Student Programming Assignments At Scale Using Reinforcement Learning,150.pdf,Planning Flood Evacuations Using Monte Carlo Tree Search,159.pdf
6351245,Wildfire Evacuation Planning: Using MDPs to go Beyond Surveillance,174.mp4,Particle Filter for Battery Aging State Estimation,208.pdf
6453543,Travelling with (Un)certainty,051.pdf,Goal Misgeneralization in a Simple Reinforcement Learning Problem,227.pdf
6227637,"Applying Reinforcement Learning and Online Planning to the Game ”Regenwormen""",040.pdf,Baseball Pitch Analytics,204.pdf
6256096,Solving Wordle using Reinforcement Learning,121.pdf,Building an Agent for Settlers of Catan,154.pdf
6435452,Learning to Swim in Turbulent Environments,086.mp4,Decision Making in Quadcopter Navigation with The Effects of Wind,015.pdf
6249745,CheatGPT: Evaluating Robustness of Language Model Detectors to Adversarial Prompting,217.pdf,Optimal Pricing as a Markov Decision Process,168.mp4
6495747,Using Deep Q-Learning to Improve Automated Train Systems,209.pdf,Applying Reinforcement Learning to Pac-Man,155.pdf
6299180,Particle Filter for Battery Aging State Estimation,208.pdf,Q-Learning for Crypto Trading: A Time series Driven Approach,026.mp4
6262271,Localization and path finding of a known environment,020.pdf,Optimal Policy for Ground-to-Satellite Communication using Reinforcement Learning,087.pdf
6070070,Multiagent Coordination of Space Debris Cleanup under Uncertainty,188.pdf,FlyGenie: Minimize your flight ticket purchase costs,196.pdf
6173156,Reinforcement Learning for Robotic Arm Reach Problem,085.pdf,FishBot: Decision Making in Canadian Fish,076.pdf
6247179,Preventing the Spread of Wind-Driven Wildfires with Partially Observable Markov Decision Processes,070.pdf,X's and O's: Optimization of Tic-Tac-Toe,056.pdf
6310794,Mortal (Q)ombat: Training an AI agent with Reinforcement Learning to Play a Brawler Game,006.pdf,Decision-Making in Pineapple Poker,093.pdf
6393681,Determining an optimal screening policy for colorectal cancer,119.mp4,Playing blackjack using reinforcement learning,058.pdf
6663000,Estimating Physical Parameters of Dynamical Systems Using Sequential Importance Sampling,214.pdf,Optimal Online Ad Allocation Under Uncertainty,063.pdf
6250849,Taxi Route Recommendations Using Reinforcement Learning,048.pdf,Code-Lint: Code Generation with Reinforcement Learning incorporating Linter Feedback,120.pdf
6330672,LQR Robust Servomechanism and Kalman-Bucy Filter For Quadrotor Control & State Estimation,128.pdf,Bulletproof AI: Reinforcement Learning for Collision Avoidance in Bullet Hell Games,097.pdf
6254259,Multi-Agent Control in Partially Observable Environment,184.mp4,Fantasy Football Team Draft Sequential Decision Process,060.pdf
6238729,RL Agent for Fish,195.mp4,How to not lose your starship: Strategy Optimization for Corellian Spike,108.pdf
6354755,Deep Q-Learning for Minesweeper,095.mp4,SARSA Applications to UNO!,198.pdf
6415955,Safe Drilling for Subsurface Resources in the Presence of Caves Using POMDPs,161.pdf,Flipping the Bit: Explorations in Learning the Ising Model,007.mp4
6270342,Scrabble Engine Based on MuZero,220.mp4,Optimal Load Scheduling for Smart Homes,028.pdf
6164745,AITA Judge Twitch Streamer,035.mp4,Monte Carlo Tree Search for Exploitative Texas Hold'em Poker Agent,216.pdf
6665563,Payment Optimization for Combination Shoppers and Delivery Drivers using Deep Q Learning with Experience Replay,185.pdf,Beating the Terminal Game,053.pdf
6454603,Using Reinforcement Learning for Life and Death problem in Go,050.mp4,Geometry Dash AI,109.mp4
6338419,8-bit Uber: Exploring the effects of uncertainty in the Taxi environment,131.pdf,Learning and Improving the Intelligent Driver Model with Reinforcement Learning,129.mp4
6383564,Taxi Route Optimization using Reinforcement Learning,082.pdf,Hit or Stand? Optimizing Blackjack Strategy,010.mp4
6450789,Developing An Automated 2D Simulation For Parking a Car,166.mp4,Development and Evaluation of a Reinforcement Learning Model to Optimize Discharge Decisions in Hospital Emergency Departments,200.pdf
6502015,Utility in Financial Markets,103.pdf,Designing a Reliable Crew Member,193.pdf
6654469,Reinforcement Learning for Optimal Policy in Texas Hold'em Game,173.pdf,Tropical Reforestation,009.mp4
6435287,I ♥ RL: Using Q-Learning to Play Hearts,034.pdf,Particle Filter For Autonomous Vehicle Handover,021.pdf
6193978,Smart Water Heater via Sparse Sampling,190.pdf,Deep Reinforcement Learning for In-Flight Calibration of a Lunar Lander,127.pdf
6358156,Self-Driving School Bus for Stanford Campus,074.pdf,Playing Any Game: Using MCTS for General Game Playing,144.pdf
6263775,Reinforcement Learning for Gin Rummy,077.pdf,Transmission Expansion for Offshore Wind Farms Under Uncertainty,101.pdf
6245406,Traffic Light Optimization Under Uncertainty,036.pdf,"Is There an ""I"" in Team? An Exploration of Capture the Flag Reinforcement Learning Agents",182.pdf
6423622,Tic-Tac-Toe: An Unbeatable Foe,105.pdf,Solving Tic-Tac-Toe,032.mp4
6314880,Q-learning networks for settlers of Catan,228.pdf,Using Q-Learning to Optimize Fantasy Premier League,143.pdf
5576021,Health-aware Battery Usage Strategy for Data-driven Battery Management Systems (BMS),172.mp4,Multi-Rover Exploration using Dec-POMDPs,092.pdf
6253074,RoboCook: Long-Horizon Elasto-plastic Object Manipulation with Diverse Tools,011.pdf,Optimal Strategy Generation for Pandemic Game Using Monte Carlo Tree Search,008.pdf
6399642,CALIBRATING BLACK-BOX TRANSITION MODELS FOR MDP PLANNING USING CONFORMAL PREDICTION,201.pdf,Solving Wordle Using Monte Carlo Tree Search,132.pdf
6502342,Automated Trading System using Reinforcement Learning,179.pdf,Solving the Taxi-v3 Problem Using Model-Free Reinforcement Learning,176.pdf
6443706,MCTS Parameter Exploration For Simplified Catan,203.mov,Decision-Making Algorithms for Winning Coinche,202.pdf
6543700,Fuel Efficient Autonomous Driving,037.pdf,Applying State Estimation Techniques to Improve Stability of a Ball-Balancing Robot,221.pdf
6409966,Landing a Plane on Final Approach with Q-Learning,044.mp4,Adaptive Water Supply Desalination Planning under Hydrological Uncertainty,148.pdf
6209233,"Solving Wordle using Information Theory, Minimax Algorithms, and Q-Learning",116.pdf,Techno-Economic Optimization of Flexible Geothermal Power and Battery Storage Using Reinforcement Learning Algorithms,138.pdf
6510344,Safe Navigation: Training Autonomous Vehicles using Deep Reinforcement Learning in CARLA,124.pdf,Reinforcement Learning Strategies for Love Letter,229.pdf
6286195,UAV Search and Rescue Optimization,151.pdf,Deep Double Q Network for Lunar Lander,062.mp4
6442819,Autonomous vehicle lane-keeping with model uncertainty: A reinforcement learning approach,135.mp4,Online Planning Strategies for Hangman,162.pdf
6281871,Reinforcement Learning for Chess Variants,065.mp4,Cubo: Your Friendly Neighborhood Rolling Cube,126.pdf
6655561,Autonomous Driving in a Roundabout with Rule-Breaking Agents,057.pdf,Effect of Additional Information on Learning to Bid in First Price Auctions,224.pdf
6380082,Search and ResQ,042.mp4,Prepare to AI: Model-Free Reinforcement Learning for Dark Souls 1,134.pdf
6072290,Q-Learning for a Traveling Salesman Problem Variant in Modified Landmark Traversal,187.pdf,Battery Temperature Control for Deep Space Missions,181.pdf
6504456,RL-ATC: Multi-Agent Reinforcement Learning for On-the-Ground Air Traffic Control and Planning,223.pdf,Rapid Calibration of a Cellular-Resolution Bidirectional Neural Interface,189.pdf
6251312,Applying Q-Learning to Uno,117.pdf,Card-Counting Blackjack Agent,102.mp4
6661826,Modeling Strategies for the Conservation of Florida Manatees using POMDP Methods,153.pdf,Value Iteration applied to Orbital Debris Removal with a Satellite,005.pdf
6664106,Maximum Entropy Reinforcement Learning for Prompt Tuning,039.pdf,Understanding Push-Fold Pre-Flop Strategy for Heads-Up NLH Poker,156.mp4
6499750,Efficient Diagnostic Questioning: Minimizing the Number of Questions for Accurate Medical Diagnoses,210.pdf,A Chess Engine on Ice: Developing an Automated Curling Skip Capable of Decision Making under Uncertainty,067.pdf
6312304,Optimal Drone Navigation with Stochastic Dynamics,052.pdf,Implementing Q-learning to Obtain Control Policy for Residential Battery System,125.pdf
6382881,Improving Matches in Dynamic Organ Exchanges,145.pdf,Drone Delivery,192.mp4
6246440,Learning to Play Backgammon Using Reinforcement Learning,073.pdf,A SARSA-Based Agent to Play “Guilty Gear: Strive”,096.mp4
6343129,Planar Manipulation of an Object with Unknown and Changing Center of Mass,110.pdf,Fantasy Ice Hockey Lineup Decisions with Q-Learning and SARSA,001.pdf
6281235,Optimal Dining Hall Choice,213.pdf,Get out of the way! Vehicle-Object Collision Avoidance,165.mp4
6500868,Making a (Good) Pokemon 1v1 Battle Agent,072.mp4,Reinforcement Learning w/Stocks,191.mp4
6422387,Reinforcement Learning Approaches for Sepsis Treatment,019.mp4,Twenty-Twenty Learning: A 2048 solver powered by Deep Q-Networks,003.mp4
6640846,Energy Markets as an MDP,163.pdf,Evaluating Flood Risk for Evacuations: Decision Making with Bayesian Networks,025.mp4
6234702,Using Q-learning for autonomous driving decision-making when brakes fail,231.mp4,Precise Point Positioning: Use of Extended-Kalman Filter in Global Positioning System,018.mp4
6254621,Reinforcement Learning Based Magnetic Detumbling of Low Earth Orbit Satellites,183.pdf,A Markov-Based Approach to Evaluate the Optimal Position of Zeposia in the Treatment of Ulcerative Colitis,091.pdf
6655206,Electric Vehicle Route Planning with Uncertainty in Charger Wait Times,222.pdf,Bayesian Graphical and Deep Q-Learning Agents in Colonel Blotto Game,194.pdf
6427427,Optimal Texas Hold 'em Poker Pre-flop Play through Reinforcement Learning,049.mp4,Can we do Bayesian structure learning using gradient descent?,080.mov
6663326,Exploring Crop Irrigation Decisions Under Climate Uncertainty,146.pdf,POMDPoker,164.mp4
6421053,Deep Reinforcement Learning In Pairs Trading,022.mov,Deep Q-learning Network on Atari Game,075.pdf
6663446,A Novel Reward Shaping Function for Single-Player Mahjong,140.pdf,Belief Updating for Improved Navigation in Wind,047.pdf
6444602,Modeling Central Bank Interest Rate Policy Decisions,014.pdf,Q-QWOP: Using Q-Learning for QWOP Policy Development,024.pdf
6545305,Hyperparameter-tuning Q-learning for flood-mitigation investment decision support system,175.pdf,Optimal Elevator Algorithm,099.pdf
6430403,Value Iteration and Contraceptive Method Choice: Applying Algorithmic Decision Making to Women’s Health Practices,089.pdf,Optimizing Green Infrastructure Citing for Urban Flood Mitigation,098.pdf
6663708,battery-charger: Reinforcement learning techniques for wholesale market participation of grid-scale batteries,167.pdf,Theseus and the Cyclops: Adventures in Navigation Using Monocular Depth Estimation,038.pdf
6663879,Safe Lane Merging for Autonomous Cars on the Highway through Markov Decision Process,130.pdf,Measuring potential effects of an intelligent tutoring system,055.pdf
6345032,Breaking the Code: An RL Solution to Mastermind,023.pdf,Hit or Stand: Strategizing Blackjack Using Reinforcement Learning,133.pdf
6495906,Monte Carlo Tree Search Applied to Spaceship Maze,147.pdf,Optimizing Cloud Computing Resource Allocation,123.pdf
6250639,Optimal Policy for Uber/Lyft drivers in the Bay Area,002.pdf,Planning Flood Evacuations Using Monte Carlo Tree Search,159.pdf
6175468,Reinforcement Learning for Autonomous Navigation of Subterranean Environments,054.pdf,Helping and Hindering: Recursive Reasoning in a Multi-Agent MDP,197.pdf
6429446,Hanabi Heuristics and Hypotheses: Delving into Decision-Making Dynamics with Deep Q-Learning and Monte-Carlo Tree Search,186.pdf,Multi-task Learning for Robotic Manipulation,122.pdf
6436804,Modeling Autonomous Traffic Flow using MDPs,107.mp4,Rocket Self-Landing using Proximal Policy Optimization,118.mp4
6418594,Settlers of Catan Settlement Placement Optimization with Deep Q-Learning,090.pdf,On Unstable Ground: Navigating Avalanche Terrain,211.pdf
6542413,Playing Mancala via Reinforcement Learning,059.pdf,Guided Decision Making Under Uncertainty,218.pdf
6213838,Feel-Good Othello-Bot: Othello-Player Agent to Bring Satisfying Win for Human Player,088.pdf,Local Search Approaches to Trading Strategy Optimization in Animal Crossing: New Horizons,157.pdf
6020057,A Julia Package for Calculating the Gittins Index,158.pdf,rePlayToGrade: Auto-Grading Student Programming Assignments At Scale Using Reinforcement Learning,150.pdf
6343144,Wordle Got Schooled: Q-Learning Takes on the Puzzle,104.mp4,Automated Theorem Proving with Graph Neural Network,219.pdf
6402362,An Attemped Agent for Playing Catan,111.pdf,Queue RL,012.pdf
6249756,Playing Risk with Reinforcement Learning,142.mp4,Optimizing Store Inventory Management with Q-learning,061.mp4
6453092,Navigation of free-flying spacecraft without attitude measurements,207.mov,Dynamic Efficient Sampling Policy Learning - An Investigation of DRL-based Atari Game Playing,137.pdf
6439214,Cleaning Up with Q-Learning: Optimizing Roomba Navigation in Unknown Environments,139.mp4,Tham Luang Cave Rescue: A Reinforcement Learning Approach,225.pdf
6734946,Optimizing Christmas Gift Purchasing Decisions with Reinforcement Learning,031.mp4,Satellite Collision Avoidance Through Neural Networks,212.pdf
6256554,Comparing Performance between Q-Learning and Fictitious Self-Play Trained on Neural Networks for Uno,100.mp4,Wildfire Evacuation Planning: Using MDPs to go Beyond Surveillance,174.mp4
6603955,Driving with Large Language Models,046.mp4,Optimizing Climate-Resilient Infrastructure Investment,180.mp4
6640402,Wordlebot: Improving Wordle Performance Using Forward Search,027.pdf,Online Planning with Terrain Friction Estimation for Safe Rover Navigation,068.pdf
6500998,Blackjack with Card Counting,041.pdf,Comparison of Online Planning and Reinforcement Learning for Oil Spill Containment,030.mp4
6301787,"Blackjack: Are the ""Basic Strategies"" Sufficient?",045.pdf,Estimating an Optimal Solution to Backgammon,033.pdf
6447739,Drag-based Reconfiguration of Spacecraft Formations Under Uncertainty,004.mp4,Bidding Strategy for Residential Solar and Storage in Transactive Electricity Market using Reinforcement Learning,171.pdf
6373465,Race Track Driving Using Deep Reinforcement Learning,064.mov,Simple Reinforcement Learning for Space Mining Bots,069.pdf
6413779,Robust Nonlinear Reduced-Order Model Predictive Control,205.pdf,Trajectory Optimization for Autonomous Parking Lot Cleaning using Q-Learning,029.pdf
6481440,Deep Reinforcement Learning for Stock Trading,078.pdf,Reinforcement Learning for Robot Waiters in Restaurants,094.pdf
6255287,Greedy Search for Optimal Soil Sample Analysis,152.mp4,Automating Neural Network Model Architecture Discovery with Policy Search Methods,115.pdf
5956080,Towards Teaching a Human to Walk,083.mp4,Modeling the Use of Alternative Modalities to Complete Data Visualization Tasks,016.mp4
6498610,Modeling the Board Game Secret Hitler as a Decision Making Problem,177.pdf,Modeling Teamfight Tactics as a POMDP,071.pdf
6179460,Solving Half Cheetah Problem Using Offline RL,114.mp4,Optimal Operation of Renewable Energy Plus Storage Systems Using Reinforcement Learning,043.pdf
5816948,Minesweeper: A Reinforcement Learning Approach,084.pdf,Modeling Deceit in Coup,079.pdf
6215595,Evaluating the Disposition Effect using Reinforcement Learning,141.pdf,Building a Poker Agent,232.mp4
6301515,Ping Pong Prodigy,113.pdf,How do we walk? Controlling joint motor torque to achieve balanced movement,106.pdf
6451096,Cleaning the streets with RL,149.mp4,Buying a House without Going Broke,081.mp4
6505695,Optimal sequential decision making for managing ecosystem with POMDP,206.pdf,"Think Big, Start Small: Scrabble Reinforcement Learning with K-Means State Space Compression",169.pdf
6409809,Racing Optimization using Deep Reinforcement Learning,170.pdf,Random Adaption to Trawler Problem for Ocean Search and Rescue,160.mp4
6346192,Beating Cube Field,178.pdf,ClutchRL: Using Q-Learning To Find The Optimal Policy To Win A Close Basketball Game,013.mp4
6052256,Reinforcement Learning for Chess Variants,065.mp4,Optimizing Store Inventory Management with Q-learning,061.mp4
50010630,Optimizing Christmas Gift Purchasing Decisions with Reinforcement Learning,031.mp4,Reinforcement Learning w/Stocks,191.mp4
6662316,Decision-Making in Pineapple Poker,093.pdf,FlyGenie: Minimize your flight ticket purchase costs,196.pdf
6281273,Safe Drilling for Subsurface Resources in the Presence of Caves Using POMDPs,161.pdf,Queue RL,012.pdf
5652819,Precise Point Positioning: Use of Extended-Kalman Filter in Global Positioning System,018.mp4,Modeling Teamfight Tactics as a POMDP,071.pdf
6495503,Cleaning the streets with RL,149.mp4,RL Agent for Fish,195.mp4
6316495,Implementing Q-learning to Obtain Control Policy for Residential Battery System,125.pdf,Maximum Entropy Reinforcement Learning for Prompt Tuning,039.pdf
6503707,Hyperparameter-tuning Q-learning for flood-mitigation investment decision support system,175.pdf,Exploring Crop Irrigation Decisions Under Climate Uncertainty,146.pdf
6176289,Optimal Policy for Ground-to-Satellite Communication using Reinforcement Learning,087.pdf,FishBot: Decision Making in Canadian Fish,076.pdf
6650872,Optimal Policy for Uber/Lyft drivers in the Bay Area,002.pdf,Measuring potential effects of an intelligent tutoring system,055.pdf
6406757,Making a (Good) Pokemon 1v1 Battle Agent,072.mp4,Playing Risk with Reinforcement Learning,142.mp4
6501661,I ♥ RL: Using Q-Learning to Play Hearts,034.pdf,Beating Cube Field,178.pdf
6312435,Driving with Large Language Models,046.mp4,Deep Double Q Network for Lunar Lander,062.mp4
6510899,Self-Driving School Bus for Stanford Campus,074.pdf,Particle Filter for Battery Aging State Estimation,208.pdf
6252595,Twenty-Twenty Learning: A 2048 solver powered by Deep Q-Networks,003.mp4,Multi-Agent Control in Partially Observable Environment,184.mp4
6250834,Cleaning Up with Q-Learning: Optimizing Roomba Navigation in Unknown Environments,139.mp4,Guided Decision Making Under Uncertainty,218.pdf
6314412,Rapid Calibration of a Cellular-Resolution Bidirectional Neural Interface,189.pdf,Using Q-Learning to Optimize Fantasy Premier League,143.pdf
6423148,Determining an optimal screening policy for colorectal cancer,119.mp4,Dynamic Efficient Sampling Policy Learning - An Investigation of DRL-based Atari Game Playing,137.pdf
6418370,Q-Learning for Crypto Trading: A Time series Driven Approach,026.mp4,"Blackjack: Are the ""Basic Strategies"" Sufficient?",045.pdf
6493898,Planar Manipulation of an Object with Unknown and Changing Center of Mass,110.pdf,Can we do Bayesian structure learning using gradient descent?,080.mov
6501987,Learning and Improving the Intelligent Driver Model with Reinforcement Learning,129.mp4,Smart Water Heater via Sparse Sampling,190.pdf
6452698,Blackjack with Card Counting,041.pdf,Evaluating the Disposition Effect using Reinforcement Learning,141.pdf
6415656,A SARSA-Based Agent to Play “Guilty Gear: Strive”,096.mp4,Optimal Strategy Generation for Pandemic Game Using Monte Carlo Tree Search,008.pdf
6453018,Travelling with (Un)certainty,051.pdf,Optimal Dining Hall Choice,213.pdf
6339609,Building a Poker Agent,232.mp4,Estimating an Optimal Solution to Backgammon,033.pdf
6502076,Deep Q-learning Network on Atari Game,075.pdf,Automating Neural Network Model Architecture Discovery with Policy Search Methods,115.pdf
6675953,"Applying Reinforcement Learning and Online Planning to the Game ”Regenwormen""",040.pdf,Effect of Additional Information on Learning to Bid in First Price Auctions,224.pdf
6388838,Localization and path finding of a known environment,020.pdf,UAV Search and Rescue Optimization,151.pdf
6402451,Playing blackjack using reinforcement learning,058.pdf,Ping Pong Prodigy,113.pdf
6505630,Applying State Estimation Techniques to Improve Stability of a Ball-Balancing Robot,221.pdf,Tic-Tac-Toe: An Unbeatable Foe,105.pdf
6335171,Landing a Plane on Final Approach with Q-Learning,044.mp4,Adaptive Water Supply Desalination Planning under Hydrological Uncertainty,148.pdf
6504212,Drag-based Reconfiguration of Spacecraft Formations Under Uncertainty,004.mp4,Wordlebot: Improving Wordle Performance Using Forward Search,027.pdf
6027896,Helping and Hindering: Recursive Reasoning in a Multi-Agent MDP,197.pdf,Taxi Route Optimization using Reinforcement Learning,082.pdf
6660951,Baseball Pitch Analytics,204.pdf,Tham Luang Cave Rescue: A Reinforcement Learning Approach,225.pdf
6456892,Drone Delivery,192.mp4,Tropical Reforestation,009.mp4
6344416,Beating the Terminal Game,053.pdf,CheatGPT: Evaluating Robustness of Language Model Detectors to Adversarial Prompting,217.pdf
6172269,MCTS Parameter Exploration For Simplified Catan,203.mov,Payment Optimization for Combination Shoppers and Delivery Drivers using Deep Q Learning with Experience Replay,185.pdf
6664631,Bayesian Graphical and Deep Q-Learning Agents in Colonel Blotto Game,194.pdf,How do we walk? Controlling joint motor torque to achieve balanced movement,106.pdf
6252378,Optimal Texas Hold 'em Poker Pre-flop Play through Reinforcement Learning,049.mp4,Electric Vehicle Route Planning with Uncertainty in Charger Wait Times,222.pdf
6424507,Learning to Play Backgammon Using Reinforcement Learning,073.pdf,Multi-Rover Exploration using Dec-POMDPs,092.pdf
6270361,Get out of the way! Vehicle-Object Collision Avoidance,165.mp4,Improving Matches in Dynamic Organ Exchanges,145.pdf
6269684,On Unstable Ground: Navigating Avalanche Terrain,211.pdf,Preventing the Spread of Wind-Driven Wildfires with Partially Observable Markov Decision Processes,070.pdf
6254066,Reinforcement Learning for Robot Waiters in Restaurants,094.pdf,Local Search Approaches to Trading Strategy Optimization in Animal Crossing: New Horizons,157.pdf
6457351,Navigation of free-flying spacecraft without attitude measurements,207.mov,Buying a House without Going Broke,081.mp4
6658651,Deep Reinforcement Learning In Pairs Trading,022.mov,Safe Lane Merging for Autonomous Cars on the Highway through Markov Decision Process,130.pdf
6457226,Geometry Dash AI,109.mp4,Trajectory Optimization for Autonomous Parking Lot Cleaning using Q-Learning,029.pdf
6451273,"Solving Wordle using Information Theory, Minimax Algorithms, and Q-Learning",116.pdf,Techno-Economic Optimization of Flexible Geothermal Power and Battery Storage Using Reinforcement Learning Algorithms,138.pdf
6298550,Traffic Light Optimization Under Uncertainty,036.pdf,Wordle Got Schooled: Q-Learning Takes on the Puzzle,104.mp4
6366726,A Chess Engine on Ice: Developing an Automated Curling Skip Capable of Decision Making under Uncertainty,067.pdf,Health-aware Battery Usage Strategy for Data-driven Battery Management Systems (BMS),172.mp4
6259696,Modeling the Board Game Secret Hitler as a Decision Making Problem,177.pdf,Deep Q-Learning for Minesweeper,095.mp4
6665512,Designing a Reliable Crew Member,193.pdf,Breaking the Code: An RL Solution to Mastermind,023.pdf
6307633,Decision-Making Algorithms for Winning Coinche,202.pdf,Reinforcement Learning for Robotic Arm Reach Problem,085.pdf
6086132,Search and ResQ,042.mp4,Simple Reinforcement Learning for Space Mining Bots,069.pdf
6329694,Optimizing Climate-Resilient Infrastructure Investment,180.mp4,8-bit Uber: Exploring the effects of uncertainty in the Taxi environment,131.pdf
6177809,Understanding Push-Fold Pre-Flop Strategy for Heads-Up NLH Poker,156.mp4,Fantasy Football Team Draft Sequential Decision Process,060.pdf
6171678,Estimating Physical Parameters of Dynamical Systems Using Sequential Importance Sampling,214.pdf,An Attemped Agent for Playing Catan,111.pdf
6250801,Taxi Route Recommendations Using Reinforcement Learning,048.pdf,Using Q-learning for autonomous driving decision-making when brakes fail,231.mp4
6734947,Race Track Driving Using Deep Reinforcement Learning,064.mov,SARSA Applications to UNO!,198.pdf
6496672,Optimal Load Scheduling for Smart Homes,028.pdf,Modeling Autonomous Traffic Flow using MDPs,107.mp4
5066040,Autonomous vehicle lane-keeping with model uncertainty: A reinforcement learning approach,135.mp4,Mortal (Q)ombat: Training an AI agent with Reinforcement Learning to Play a Brawler Game,006.pdf
6333602,Minesweeper: A Reinforcement Learning Approach,084.pdf,Energy Markets as an MDP,163.pdf
6649066,Optimal Elevator Algorithm,099.pdf,Modeling Central Bank Interest Rate Policy Decisions,014.pdf
6094962,Multi-task Learning for Robotic Manipulation,122.pdf,Reinforcement Learning Based Magnetic Detumbling of Low Earth Orbit Satellites,183.pdf
6497932,battery-charger: Reinforcement learning techniques for wholesale market participation of grid-scale batteries,167.pdf,Using Reinforcement Learning for Life and Death problem in Go,050.mp4
6657663,Solving Wordle Using Monte Carlo Tree Search,132.pdf,Multiagent Coordination of Space Debris Cleanup under Uncertainty,188.pdf
6260754,Settlers of Catan Settlement Placement Optimization with Deep Q-Learning,090.pdf,Q-learning networks for settlers of Catan,228.pdf
6417851,Optimal sequential decision making for managing ecosystem with POMDP,206.pdf,Satellite Collision Avoidance Through Neural Networks,212.pdf
6664194,CALIBRATING BLACK-BOX TRANSITION MODELS FOR MDP PLANNING USING CONFORMAL PREDICTION,201.pdf,rePlayToGrade: Auto-Grading Student Programming Assignments At Scale Using Reinforcement Learning,150.pdf
6500638,Monte Carlo Tree Search for Exploitative Texas Hold'em Poker Agent,216.pdf,Value Iteration applied to Orbital Debris Removal with a Satellite,005.pdf
6250297,Decision Making in Quadcopter Navigation with The Effects of Wind,015.pdf,Automated Trading System using Reinforcement Learning,179.pdf
6511596,Reinforcement Learning Strategies for Love Letter,229.pdf,Applying Reinforcement Learning to Pac-Man,155.pdf
5860540,Playing Any Game: Using MCTS for General Game Playing,144.pdf,LQR Robust Servomechanism and Kalman-Bucy Filter For Quadrotor Control & State Estimation,128.pdf
6358145,Bidding Strategy for Residential Solar and Storage in Transactive Electricity Market using Reinforcement Learning,171.pdf,Using Deep Q-Learning to Improve Automated Train Systems,209.pdf
6511822,RoboCook: Long-Horizon Elasto-plastic Object Manipulation with Diverse Tools,011.pdf,Card-Counting Blackjack Agent,102.mp4
6370113,Bulletproof AI: Reinforcement Learning for Collision Avoidance in Bullet Hell Games,097.pdf,Building an Agent for Settlers of Catan,154.pdf
6400070,Optimal Drone Navigation with Stochastic Dynamics,052.pdf,Reinforcement Learning for Gin Rummy,077.pdf
6267318,Evaluating Flood Risk for Evacuations: Decision Making with Bayesian Networks,025.mp4,X's and O's: Optimization of Tic-Tac-Toe,056.pdf
6496646,Playing Mancala via Reinforcement Learning,059.pdf,Rocket Self-Landing using Proximal Policy Optimization,118.mp4
6310719,Optimal Pricing as a Markov Decision Process,168.mp4,Hanabi Heuristics and Hypotheses: Delving into Decision-Making Dynamics with Deep Q-Learning and Monte-Carlo Tree Search,186.pdf
5816551,A Markov-Based Approach to Evaluate the Optimal Position of Zeposia in the Treatment of Ulcerative Colitis,091.pdf,Robust Nonlinear Reduced-Order Model Predictive Control,205.pdf
6662637,Goal Misgeneralization in a Simple Reinforcement Learning Problem,227.pdf,Fuel Efficient Autonomous Driving,037.pdf
6304037,Transmission Expansion for Offshore Wind Farms Under Uncertainty,101.pdf,Monte Carlo Tree Search Applied to Spaceship Maze,147.pdf
6342450,Racing Optimization using Deep Reinforcement Learning,170.pdf,Optimizing Cloud Computing Resource Allocation,123.pdf
6414984,Deep Reinforcement Learning for Stock Trading,078.pdf,Optimal Operation of Renewable Energy Plus Storage Systems Using Reinforcement Learning,043.pdf
6500664,ClutchRL: Using Q-Learning To Find The Optimal Policy To Win A Close Basketball Game,013.mp4,Applying Q-Learning to Uno,117.pdf
50014135,Theseus and the Cyclops: Adventures in Navigation Using Monocular Depth Estimation,038.pdf,Particle Filter For Autonomous Vehicle Handover,021.pdf
6334341,Flipping the Bit: Explorations in Learning the Ising Model,007.mp4,Optimizing Green Infrastructure Citing for Urban Flood Mitigation,098.pdf
6664238,Solving Wordle using Reinforcement Learning,121.pdf,Towards Teaching a Human to Walk,083.mp4
6110523,A Novel Reward Shaping Function for Single-Player Mahjong,140.pdf,Code-Lint: Code Generation with Reinforcement Learning incorporating Linter Feedback,120.pdf
6663940,Comparing Performance between Q-Learning and Fictitious Self-Play Trained on Neural Networks for Uno,100.mp4,"Is There an ""I"" in Team? An Exploration of Capture the Flag Reinforcement Learning Agents",182.pdf
5866728,AITA Judge Twitch Streamer,035.mp4,Q-QWOP: Using Q-Learning for QWOP Policy Development,024.pdf
6457153,Battery Temperature Control for Deep Space Missions,181.pdf,Random Adaption to Trawler Problem for Ocean Search and Rescue,160.mp4
6544698,Online Planning Strategies for Hangman,162.pdf,Planning Flood Evacuations Using Monte Carlo Tree Search,159.pdf
6251301,Development and Evaluation of a Reinforcement Learning Model to Optimize Discharge Decisions in Hospital Emergency Departments,200.pdf,Automated Theorem Proving with Graph Neural Network,219.pdf
6437673,Modeling Deceit in Coup,079.pdf,Modeling the Use of Alternative Modalities to Complete Data Visualization Tasks,016.mp4
6416535,Developing An Automated 2D Simulation For Parking a Car,166.mp4,Reinforcement Learning for Autonomous Navigation of Subterranean Environments,054.pdf
6456966,Comparison of Online Planning and Reinforcement Learning for Oil Spill Containment,030.mp4,POMDPoker,164.mp4
6505035,Learning to Swim in Turbulent Environments,086.mp4,Safe Navigation: Training Autonomous Vehicles using Deep Reinforcement Learning in CARLA,124.pdf
6380496,Online Planning with Terrain Friction Estimation for Safe Rover Navigation,068.pdf,Belief Updating for Improved Navigation in Wind,047.pdf
6421142,Scrabble Engine Based on MuZero,220.mp4,Q-Learning for a Traveling Salesman Problem Variant in Modified Landmark Traversal,187.pdf
6343900,Solving Tic-Tac-Toe,032.mp4,Prepare to AI: Model-Free Reinforcement Learning for Dark Souls 1,134.pdf
6126803,A Julia Package for Calculating the Gittins Index,158.pdf,Feel-Good Othello-Bot: Othello-Player Agent to Bring Satisfying Win for Human Player,088.pdf
6663131,How to not lose your starship: Strategy Optimization for Corellian Spike,108.pdf,RL-ATC: Multi-Agent Reinforcement Learning for On-the-Ground Air Traffic Control and Planning,223.pdf
6433903,Solving Half Cheetah Problem Using Offline RL,114.mp4,Optimal Online Ad Allocation Under Uncertainty,063.pdf
50006922,"Think Big, Start Small: Scrabble Reinforcement Learning with K-Means State Space Compression",169.pdf,Wildfire Evacuation Planning: Using MDPs to go Beyond Surveillance,174.mp4
6379839,Value Iteration and Contraceptive Method Choice: Applying Algorithmic Decision Making to Women’s Health Practices,089.pdf,Efficient Diagnostic Questioning: Minimizing the Number of Questions for Accurate Medical Diagnoses,210.pdf
6456688,Reinforcement Learning Approaches for Sepsis Treatment,019.mp4,Solving the Taxi-v3 Problem Using Model-Free Reinforcement Learning,176.pdf
6349594,Reinforcement Learning for Optimal Policy in Texas Hold'em Game,173.pdf,Deep Reinforcement Learning for In-Flight Calibration of a Lunar Lander,127.pdf
6440129,Autonomous Driving in a Roundabout with Rule-Breaking Agents,057.pdf,Hit or Stand? Optimizing Blackjack Strategy,010.mp4
6436019,Hit or Stand: Strategizing Blackjack Using Reinforcement Learning,133.pdf,Fantasy Ice Hockey Lineup Decisions with Q-Learning and SARSA,001.pdf
6259390,Greedy Search for Optimal Soil Sample Analysis,152.mp4,Utility in Financial Markets,103.pdf
6498005,Modeling Strategies for the Conservation of Florida Manatees using POMDP Methods,153.pdf,Cubo: Your Friendly Neighborhood Rolling Cube,126.pdf
5326539,Decision-Making in Pineapple Poker,093.pdf,An Attemped Agent for Playing Catan,111.pdf
6261889,Code-Lint: Code Generation with Reinforcement Learning incorporating Linter Feedback,120.pdf,Taxi Route Optimization using Reinforcement Learning,082.pdf
6255991,Multi-Rover Exploration using Dec-POMDPs,092.pdf,Playing Any Game: Using MCTS for General Game Playing,144.pdf
6455530,Scrabble Engine Based on MuZero,220.mp4,Hit or Stand: Strategizing Blackjack Using Reinforcement Learning,133.pdf
6650276,"Think Big, Start Small: Scrabble Reinforcement Learning with K-Means State Space Compression",169.pdf,Applying State Estimation Techniques to Improve Stability of a Ball-Balancing Robot,221.pdf
6298686,Reinforcement Learning for Chess Variants,065.mp4,Solving Wordle Using Monte Carlo Tree Search,132.pdf
6433680,Optimizing Green Infrastructure Citing for Urban Flood Mitigation,098.pdf,Value Iteration and Contraceptive Method Choice: Applying Algorithmic Decision Making to Women’s Health Practices,089.pdf
6174913,Optimizing Climate-Resilient Infrastructure Investment,180.mp4,Race Track Driving Using Deep Reinforcement Learning,064.mov
6444464,Particle Filter For Autonomous Vehicle Handover,021.pdf,Optimal Online Ad Allocation Under Uncertainty,063.pdf
6456914,Reinforcement Learning for Gin Rummy,077.pdf,Localization and path finding of a known environment,020.pdf
6342479,Understanding Push-Fold Pre-Flop Strategy for Heads-Up NLH Poker,156.mp4,Fantasy Football Team Draft Sequential Decision Process,060.pdf
6344077,Safe Navigation: Training Autonomous Vehicles using Deep Reinforcement Learning in CARLA,124.pdf,Belief Updating for Improved Navigation in Wind,047.pdf
6384923,Drag-based Reconfiguration of Spacecraft Formations Under Uncertainty,004.mp4,Wordlebot: Improving Wordle Performance Using Forward Search,027.pdf
6273127,Building an Agent for Settlers of Catan,154.pdf,Local Search Approaches to Trading Strategy Optimization in Animal Crossing: New Horizons,157.pdf
6338139,A Chess Engine on Ice: Developing an Automated Curling Skip Capable of Decision Making under Uncertainty,067.pdf,battery-charger: Reinforcement learning techniques for wholesale market participation of grid-scale batteries,167.pdf
6496207,Autonomous Driving in a Roundabout with Rule-Breaking Agents,057.pdf,Health-aware Battery Usage Strategy for Data-driven Battery Management Systems (BMS),172.mp4
6457160,Maximum Entropy Reinforcement Learning for Prompt Tuning,039.pdf,Dynamic Efficient Sampling Policy Learning - An Investigation of DRL-based Atari Game Playing,137.pdf
6511687,Modeling Autonomous Traffic Flow using MDPs,107.mp4,Solving Wordle using Reinforcement Learning,121.pdf
6504492,Comparing Performance between Q-Learning and Fictitious Self-Play Trained on Neural Networks for Uno,100.mp4,On Unstable Ground: Navigating Avalanche Terrain,211.pdf
6048840,Blackjack with Card Counting,041.pdf,FishBot: Decision Making in Canadian Fish,076.pdf
6280654,Solving Half Cheetah Problem Using Offline RL,114.mp4,Implementing Q-learning to Obtain Control Policy for Residential Battery System,125.pdf
6416222,Guided Decision Making Under Uncertainty,218.pdf,Modeling the Board Game Secret Hitler as a Decision Making Problem,177.pdf
6342393,MCTS Parameter Exploration For Simplified Catan,203.mov,Wildfire Evacuation Planning: Using MDPs to go Beyond Surveillance,174.mp4
6495376,ClutchRL: Using Q-Learning To Find The Optimal Policy To Win A Close Basketball Game,013.mp4,Optimizing Store Inventory Management with Q-learning,061.mp4
6329733,Using Reinforcement Learning for Life and Death problem in Go,050.mp4,Optimal sequential decision making for managing ecosystem with POMDP,206.pdf
5698347,Optimal Elevator Algorithm,099.pdf,Robust Nonlinear Reduced-Order Model Predictive Control,205.pdf
6313263,UAV Search and Rescue Optimization,151.pdf,Particle Filter for Battery Aging State Estimation,208.pdf
6258924,Tham Luang Cave Rescue: A Reinforcement Learning Approach,225.pdf,Optimal Policy for Ground-to-Satellite Communication using Reinforcement Learning,087.pdf
6206733,Multi-Agent Control in Partially Observable Environment,184.mp4,Ping Pong Prodigy,113.pdf
6417941,Using Q-learning for autonomous driving decision-making when brakes fail,231.mp4,Settlers of Catan Settlement Placement Optimization with Deep Q-Learning,090.pdf
6527579,Wordle Got Schooled: Q-Learning Takes on the Puzzle,104.mp4,Q-QWOP: Using Q-Learning for QWOP Policy Development,024.pdf
6455691,FlyGenie: Minimize your flight ticket purchase costs,196.pdf,Online Planning Strategies for Hangman,162.pdf
5377392,rePlayToGrade: Auto-Grading Student Programming Assignments At Scale Using Reinforcement Learning,150.pdf,Estimating an Optimal Solution to Backgammon,033.pdf
6344569,Precise Point Positioning: Use of Extended-Kalman Filter in Global Positioning System,018.mp4,Designing a Reliable Crew Member,193.pdf
6332304,Q-learning networks for settlers of Catan,228.pdf,Beating Cube Field,178.pdf
6139398,RL-ATC: Multi-Agent Reinforcement Learning for On-the-Ground Air Traffic Control and Planning,223.pdf,Modeling Central Bank Interest Rate Policy Decisions,014.pdf
6379944,Reinforcement Learning for Robot Waiters in Restaurants,094.pdf,Minesweeper: A Reinforcement Learning Approach,084.pdf
6503640,Modeling Strategies for the Conservation of Florida Manatees using POMDP Methods,153.pdf,Evaluating the Disposition Effect using Reinforcement Learning,141.pdf
6420096,Optimal Drone Navigation with Stochastic Dynamics,052.pdf,Efficient Diagnostic Questioning: Minimizing the Number of Questions for Accurate Medical Diagnoses,210.pdf
6654082,Energy Markets as an MDP,163.pdf,Breaking the Code: An RL Solution to Mastermind,023.pdf
6174261,Safe Drilling for Subsurface Resources in the Presence of Caves Using POMDPs,161.pdf,Multi-task Learning for Robotic Manipulation,122.pdf
6508587,Trajectory Optimization for Autonomous Parking Lot Cleaning using Q-Learning,029.pdf,RL Agent for Fish,195.mp4
6331393,Techno-Economic Optimization of Flexible Geothermal Power and Battery Storage Using Reinforcement Learning Algorithms,138.pdf,Deep Q-Learning for Minesweeper,095.mp4
6121283,RoboCook: Long-Horizon Elasto-plastic Object Manipulation with Diverse Tools,011.pdf,Payment Optimization for Combination Shoppers and Delivery Drivers using Deep Q Learning with Experience Replay,185.pdf
6409930,Automating Neural Network Model Architecture Discovery with Policy Search Methods,115.pdf,Twenty-Twenty Learning: A 2048 solver powered by Deep Q-Networks,003.mp4
6496185,A SARSA-Based Agent to Play “Guilty Gear: Strive”,096.mp4,Exploring Crop Irrigation Decisions Under Climate Uncertainty,146.pdf
6364646,Automated Trading System using Reinforcement Learning,179.pdf,Satellite Collision Avoidance Through Neural Networks,212.pdf
6372544,A Markov-Based Approach to Evaluate the Optimal Position of Zeposia in the Treatment of Ulcerative Colitis,091.pdf,Can we do Bayesian structure learning using gradient descent?,080.mov
6214240,Fantasy Ice Hockey Lineup Decisions with Q-Learning and SARSA,001.pdf,Transmission Expansion for Offshore Wind Farms Under Uncertainty,101.pdf
6270654,Monte Carlo Tree Search for Exploitative Texas Hold'em Poker Agent,216.pdf,Cleaning the streets with RL,149.mp4
6661022,Drone Delivery,192.mp4,Comparison of Online Planning and Reinforcement Learning for Oil Spill Containment,030.mp4
6416225,Planning Flood Evacuations Using Monte Carlo Tree Search,159.pdf,CALIBRATING BLACK-BOX TRANSITION MODELS FOR MDP PLANNING USING CONFORMAL PREDICTION,201.pdf
6500686,Building a Poker Agent,232.mp4,Baseball Pitch Analytics,204.pdf
6258084,Developing An Automated 2D Simulation For Parking a Car,166.mp4,I ♥ RL: Using Q-Learning to Play Hearts,034.pdf
6504265,Smart Water Heater via Sparse Sampling,190.pdf,Improving Matches in Dynamic Organ Exchanges,145.pdf
6414995,Bidding Strategy for Residential Solar and Storage in Transactive Electricity Market using Reinforcement Learning,171.pdf,8-bit Uber: Exploring the effects of uncertainty in the Taxi environment,131.pdf
6283807,Helping and Hindering: Recursive Reasoning in a Multi-Agent MDP,197.pdf,Decision-Making Algorithms for Winning Coinche,202.pdf
6438900,Optimal Strategy Generation for Pandemic Game Using Monte Carlo Tree Search,008.pdf,Automated Theorem Proving with Graph Neural Network,219.pdf
6495739,Learning to Swim in Turbulent Environments,086.mp4,Solving Tic-Tac-Toe,032.mp4
6383613,Determining an optimal screening policy for colorectal cancer,119.mp4,Reinforcement Learning Approaches for Sepsis Treatment,019.mp4
6091788,Optimal Load Scheduling for Smart Homes,028.pdf,Estimating Physical Parameters of Dynamical Systems Using Sequential Importance Sampling,214.pdf
6457374,"Solving Wordle using Information Theory, Minimax Algorithms, and Q-Learning",116.pdf,Queue RL,012.pdf
6306378,Rapid Calibration of a Cellular-Resolution Bidirectional Neural Interface,189.pdf,Playing blackjack using reinforcement learning,058.pdf
6501118,Rocket Self-Landing using Proximal Policy Optimization,118.mp4,Optimal Operation of Renewable Energy Plus Storage Systems Using Reinforcement Learning,043.pdf
6308387,Reinforcement Learning Based Magnetic Detumbling of Low Earth Orbit Satellites,183.pdf,Cubo: Your Friendly Neighborhood Rolling Cube,126.pdf
6253349,Traffic Light Optimization Under Uncertainty,036.pdf,Goal Misgeneralization in a Simple Reinforcement Learning Problem,227.pdf
6345361,SARSA Applications to UNO!,198.pdf,Monte Carlo Tree Search Applied to Spaceship Maze,147.pdf
6406363,Reinforcement Learning w/Stocks,191.mp4,Optimal Dining Hall Choice,213.pdf
6353088,Hyperparameter-tuning Q-learning for flood-mitigation investment decision support system,175.pdf,Planar Manipulation of an Object with Unknown and Changing Center of Mass,110.pdf
6421789,Landing a Plane on Final Approach with Q-Learning,044.mp4,Cleaning Up with Q-Learning: Optimizing Roomba Navigation in Unknown Environments,139.mp4
6427059,Bulletproof AI: Reinforcement Learning for Collision Avoidance in Bullet Hell Games,097.pdf,Solving the Taxi-v3 Problem Using Model-Free Reinforcement Learning,176.pdf
6329814,Deep Reinforcement Learning for Stock Trading,078.pdf,Prepare to AI: Model-Free Reinforcement Learning for Dark Souls 1,134.pdf
6422612,Tic-Tac-Toe: An Unbeatable Foe,105.pdf,Modeling Deceit in Coup,079.pdf
6440341,Value Iteration applied to Orbital Debris Removal with a Satellite,005.pdf,Geometry Dash AI,109.mp4
6504329,Optimizing Christmas Gift Purchasing Decisions with Reinforcement Learning,031.mp4,Get out of the way! Vehicle-Object Collision Avoidance,165.mp4
6497102,Q-Learning for a Traveling Salesman Problem Variant in Modified Landmark Traversal,187.pdf,Towards Teaching a Human to Walk,083.mp4
6511266,Measuring potential effects of an intelligent tutoring system,055.pdf,Modeling the Use of Alternative Modalities to Complete Data Visualization Tasks,016.mp4
50017513,Optimal Pricing as a Markov Decision Process,168.mp4,Optimal Texas Hold 'em Poker Pre-flop Play through Reinforcement Learning,049.mp4
6457183,Preventing the Spread of Wind-Driven Wildfires with Partially Observable Markov Decision Processes,070.pdf,Reinforcement Learning for Optimal Policy in Texas Hold'em Game,173.pdf
6363271,Taxi Route Recommendations Using Reinforcement Learning,048.pdf,Flipping the Bit: Explorations in Learning the Ising Model,007.mp4
6284399,Tropical Reforestation,009.mp4,Learning and Improving the Intelligent Driver Model with Reinforcement Learning,129.mp4
6100337,Playing Mancala via Reinforcement Learning,059.pdf,Development and Evaluation of a Reinforcement Learning Model to Optimize Discharge Decisions in Hospital Emergency Departments,200.pdf
6260171,Reinforcement Learning for Robotic Arm Reach Problem,085.pdf,Search and ResQ,042.mp4
6329880,Card-Counting Blackjack Agent,102.mp4,Electric Vehicle Route Planning with Uncertainty in Charger Wait Times,222.pdf
6543821,Buying a House without Going Broke,081.mp4,Beating the Terminal Game,053.pdf
6503178,Learning to Play Backgammon Using Reinforcement Learning,073.pdf,Effect of Additional Information on Learning to Bid in First Price Auctions,224.pdf
6417059,Greedy Search for Optimal Soil Sample Analysis,152.mp4,Utility in Financial Markets,103.pdf
6442004,Reinforcement Learning Strategies for Love Letter,229.pdf,LQR Robust Servomechanism and Kalman-Bucy Filter For Quadrotor Control & State Estimation,128.pdf
6645730,Battery Temperature Control for Deep Space Missions,181.pdf,How to not lose your starship: Strategy Optimization for Corellian Spike,108.pdf
6651011,Using Deep Q-Learning to Improve Automated Train Systems,209.pdf,AITA Judge Twitch Streamer,035.mp4
6252144,Autonomous vehicle lane-keeping with model uncertainty: A reinforcement learning approach,135.mp4,Racing Optimization using Deep Reinforcement Learning,170.pdf
6662844,Reinforcement Learning for Autonomous Navigation of Subterranean Environments,054.pdf,"Is There an ""I"" in Team? An Exploration of Capture the Flag Reinforcement Learning Agents",182.pdf
6372373,Safe Lane Merging for Autonomous Cars on the Highway through Markov Decision Process,130.pdf,Using Q-Learning to Optimize Fantasy Premier League,143.pdf
6654701,Simple Reinforcement Learning for Space Mining Bots,069.pdf,Hanabi Heuristics and Hypotheses: Delving into Decision-Making Dynamics with Deep Q-Learning and Monte-Carlo Tree Search,186.pdf
6148611,A Julia Package for Calculating the Gittins Index,158.pdf,Deep Reinforcement Learning for In-Flight Calibration of a Lunar Lander,127.pdf
6654447,A Novel Reward Shaping Function for Single-Player Mahjong,140.pdf,Hit or Stand? Optimizing Blackjack Strategy,010.mp4
6496960,Decision Making in Quadcopter Navigation with The Effects of Wind,015.pdf,Navigation of free-flying spacecraft without attitude measurements,207.mov
9624712,Making a (Good) Pokemon 1v1 Battle Agent,072.mp4,Deep Reinforcement Learning In Pairs Trading,022.mov
6259314,Multiagent Coordination of Space Debris Cleanup under Uncertainty,188.pdf,Online Planning with Terrain Friction Estimation for Safe Rover Navigation,068.pdf
6659772,Fuel Efficient Autonomous Driving,037.pdf,"Applying Reinforcement Learning and Online Planning to the Game ”Regenwormen""",040.pdf
6344275,Evaluating Flood Risk for Evacuations: Decision Making with Bayesian Networks,025.mp4,Theseus and the Cyclops: Adventures in Navigation Using Monocular Depth Estimation,038.pdf
6338307,Optimal Policy for Uber/Lyft drivers in the Bay Area,002.pdf,Deep Double Q Network for Lunar Lander,062.mp4
6298441,Applying Q-Learning to Uno,117.pdf,Self-Driving School Bus for Stanford Campus,074.pdf
6662464,Mortal (Q)ombat: Training an AI agent with Reinforcement Learning to Play a Brawler Game,006.pdf,Bayesian Graphical and Deep Q-Learning Agents in Colonel Blotto Game,194.pdf
6455193,Q-Learning for Crypto Trading: A Time series Driven Approach,026.mp4,Applying Reinforcement Learning to Pac-Man,155.pdf
6255443,Deep Q-learning Network on Atari Game,075.pdf,Driving with Large Language Models,046.mp4
6283664,How do we walk? Controlling joint motor torque to achieve balanced movement,106.pdf,Modeling Teamfight Tactics as a POMDP,071.pdf
6504324,Travelling with (Un)certainty,051.pdf,Adaptive Water Supply Desalination Planning under Hydrological Uncertainty,148.pdf
6648735,POMDPoker,164.mp4,Playing Risk with Reinforcement Learning,142.mp4
5972233,Random Adaption to Trawler Problem for Ocean Search and Rescue,160.mp4,X's and O's: Optimization of Tic-Tac-Toe,056.pdf
6504259,Feel-Good Othello-Bot: Othello-Player Agent to Bring Satisfying Win for Human Player,088.pdf,Optimizing Cloud Computing Resource Allocation,123.pdf
6372241,"Blackjack: Are the ""Basic Strategies"" Sufficient?",045.pdf,CheatGPT: Evaluating Robustness of Language Model Detectors to Adversarial Prompting,217.pdf
6510162,Tic-Tac-Toe: An Unbeatable Foe,105.pdf,Solving the Taxi-v3 Problem Using Model-Free Reinforcement Learning,176.pdf
6443659,On Unstable Ground: Navigating Avalanche Terrain,211.pdf,"Is There an ""I"" in Team? An Exploration of Capture the Flag Reinforcement Learning Agents",182.pdf
6602985,Random Adaption to Trawler Problem for Ocean Search and Rescue,160.mp4,Measuring potential effects of an intelligent tutoring system,055.pdf
6259089,Tropical Reforestation,009.mp4,Cubo: Your Friendly Neighborhood Rolling Cube,126.pdf
6164187,Value Iteration applied to Orbital Debris Removal with a Satellite,005.pdf,Exploring Crop Irrigation Decisions Under Climate Uncertainty,146.pdf
6544192,Minesweeper: A Reinforcement Learning Approach,084.pdf,Playing Mancala via Reinforcement Learning,059.pdf
6329991,Reinforcement Learning for Optimal Policy in Texas Hold'em Game,173.pdf,Twenty-Twenty Learning: A 2048 solver powered by Deep Q-Networks,003.mp4
6380467,Towards Teaching a Human to Walk,083.mp4,Solving Wordle using Reinforcement Learning,121.pdf
6382329,Optimizing Cloud Computing Resource Allocation,123.pdf,Search and ResQ,042.mp4
6418413,8-bit Uber: Exploring the effects of uncertainty in the Taxi environment,131.pdf,Rapid Calibration of a Cellular-Resolution Bidirectional Neural Interface,189.pdf
6380704,Utility in Financial Markets,103.pdf,Implementing Q-learning to Obtain Control Policy for Residential Battery System,125.pdf
6376824,Safe Lane Merging for Autonomous Cars on the Highway through Markov Decision Process,130.pdf,Taxi Route Optimization using Reinforcement Learning,082.pdf
6499976,Localization and path finding of a known environment,020.pdf,Geometry Dash AI,109.mp4
6237765,Bulletproof AI: Reinforcement Learning for Collision Avoidance in Bullet Hell Games,097.pdf,Trajectory Optimization for Autonomous Parking Lot Cleaning using Q-Learning,029.pdf
6455699,Drag-based Reconfiguration of Spacecraft Formations Under Uncertainty,004.mp4,Improving Matches in Dynamic Organ Exchanges,145.pdf
6497895,Deep Reinforcement Learning for Stock Trading,078.pdf,Making a (Good) Pokemon 1v1 Battle Agent,072.mp4
6545014,A Julia Package for Calculating the Gittins Index,158.pdf,Determining an optimal screening policy for colorectal cancer,119.mp4
6496677,Decision-Making Algorithms for Winning Coinche,202.pdf,Adaptive Water Supply Desalination Planning under Hydrological Uncertainty,148.pdf
6259957,Evaluating Flood Risk for Evacuations: Decision Making with Bayesian Networks,025.mp4,An Attemped Agent for Playing Catan,111.pdf
6502405,Comparison of Online Planning and Reinforcement Learning for Oil Spill Containment,030.mp4,Playing Any Game: Using MCTS for General Game Playing,144.pdf
6655251,CheatGPT: Evaluating Robustness of Language Model Detectors to Adversarial Prompting,217.pdf,Simple Reinforcement Learning for Space Mining Bots,069.pdf
6065174,Energy Markets as an MDP,163.pdf,Q-Learning for Crypto Trading: A Time series Driven Approach,026.mp4
6640893,UAV Search and Rescue Optimization,151.pdf,Deep Q-learning Network on Atari Game,075.pdf
6545439,Reinforcement Learning for Robotic Arm Reach Problem,085.pdf,Cleaning the streets with RL,149.mp4
6421644,Learning to Swim in Turbulent Environments,086.mp4,Landing a Plane on Final Approach with Q-Learning,044.mp4
6654800,Blackjack with Card Counting,041.pdf,Cleaning Up with Q-Learning: Optimizing Roomba Navigation in Unknown Environments,139.mp4
6345332,Deep Reinforcement Learning for In-Flight Calibration of a Lunar Lander,127.pdf,Deep Double Q Network for Lunar Lander,062.mp4
6371396,Fantasy Ice Hockey Lineup Decisions with Q-Learning and SARSA,001.pdf,Scrabble Engine Based on MuZero,220.mp4
6662206,Value Iteration and Contraceptive Method Choice: Applying Algorithmic Decision Making to Women’s Health Practices,089.pdf,Automating Neural Network Model Architecture Discovery with Policy Search Methods,115.pdf
6642239,Helping and Hindering: Recursive Reasoning in a Multi-Agent MDP,197.pdf,Self-Driving School Bus for Stanford Campus,074.pdf
6650183,Using Q-learning for autonomous driving decision-making when brakes fail,231.mp4,Optimal Online Ad Allocation Under Uncertainty,063.pdf
6440784,AITA Judge Twitch Streamer,035.mp4,Building a Poker Agent,232.mp4
6733360,Optimal Drone Navigation with Stochastic Dynamics,052.pdf,Reinforcement Learning for Gin Rummy,077.pdf
